{"cameraMode":{"drawMode":0,"name":"Shaded","section":"Shading Mode"},"sceneLighting":false,"audioPlay":false,"sceneViewState":{"showFog":true,"showMaterialUpdate":false,"showSkybox":false,"showFlares":true,"showImageEffects":true,"showParticleSystems":true},"in2DMode":false,"pivot":{"x":4.8679962158203129,"y":10.923517227172852,"z":-1.497207522392273},"rotation":{"x":0.31619012355804446,"y":0.5521297454833984,"z":-0.23788125813007356,"w":0.7338862419128418},"size":22.0,"orthographic":false}