{"cameraMode":{"drawMode":0,"name":"Shaded","section":"Shading Mode"},"sceneLighting":false,"audioPlay":false,"sceneViewState":{"showFog":true,"showMaterialUpdate":false,"showSkybox":false,"showFlares":true,"showImageEffects":true,"showParticleSystems":true},"in2DMode":false,"pivot":{"x":1.2738592624664307,"y":-0.46923351287841799,"z":-0.6873774528503418},"rotation":{"x":-0.005367348436266184,"y":0.9308423399925232,"z":-0.3651253581047058,"w":-0.013683623634278775},"size":22.0,"orthographic":false}