{"cameraMode":{"drawMode":0,"name":"Shaded","section":"Shading Mode"},"sceneLighting":false,"audioPlay":false,"sceneViewState":{"showFog":true,"showMaterialUpdate":false,"showSkybox":false,"showFlares":true,"showImageEffects":true,"showParticleSystems":true},"in2DMode":false,"pivot":{"x":1.2738592624664307,"y":-0.46923351287841799,"z":-0.6873774528503418},"rotation":{"x":0.31619012355804446,"y":0.5521297454833984,"z":-0.23788125813007356,"w":0.7338862419128418},"size":2.8144707679748537,"orthographic":false}